Order,Placing,Name,R1-P,R1-W,,,,,,,,,,,,,,,,,,,,,,,,,,,,,Points,Weight,,
1,1st,James Bensley,1,50-05,,0,0-0,,0,0-0,,0,0-0,,0,0-0,,0,0-0,,0,0-0,,0,0-0,,0,0-0,,0,0-0,,1,50-05,1st,50-05
2,2nd,Paul Chambers,1,32-08,,0,0-0,,0,0-0,,0,0-0,,0,0-0,,0,0-0,,0,0-0,,0,0-0,,0,0-0,,0,0-0,,1,32-08,2nd,32-08
3,3rd,Graham West,1,27-07,,0,0-0,,0,0-0,,0,0-0,,0,0-0,,0,0-0,,0,0-0,,0,0-0,,0,0-0,,0,0-0,,1,27-07,5th,27-07
4,4th,Jed White,1,21-12,,0,0-0,,0,0-0,,0,0-0,,0,0-0,,0,0-0,,0,0-0,,0,0-0,,0,0-0,,0,0-0,,1,21-12,11th,21-12
5,5th,Tony Curtis,1,20-09,,0,0-0,,0,0-0,,0,0-0,,0,0-0,,0,0-0,,0,0-0,,0,0-0,,0,0-0,,0,0-0,,1,20-09,12th,20-09
6,6th,Simon Newman,1,18-14,,0,0-0,,0,0-0,,0,0-0,,0,0-0,,0,0-0,,0,0-0,,0,0-0,,0,0-0,,0,0-0,,1,18-14,19th,18-14
7,7th,Tony Morris,2,31-12,,0,0-0,,0,0-0,,0,0-0,,0,0-0,,0,0-0,,0,0-0,,0,0-0,,0,0-0,,0,0-0,,2,31-12,3rd,31-12
8,8th,Robert Houlding,2,28-15,,0,0-0,,0,0-0,,0,0-0,,0,0-0,,0,0-0,,0,0-0,,0,0-0,,0,0-0,,0,0-0,,2,28-15,4th,28-15
9,9th,Robert Hubbard,2,26-13,,0,0-0,,0,0-0,,0,0-0,,0,0-0,,0,0-0,,0,0-0,,0,0-0,,0,0-0,,0,0-0,,2,26-13,6th,26-13
10,10th,Andy Leathers,2,20-08,,0,0-0,,0,0-0,,0,0-0,,0,0-0,,0,0-0,,0,0-0,,0,0-0,,0,0-0,,0,0-0,,2,20-08,13th,20-08
11,11th,Justin Newton,2,18-14,,0,0-0,,0,0-0,,0,0-0,,0,0-0,,0,0-0,,0,0-0,,0,0-0,,0,0-0,,0,0-0,,2,18-14,19th,18-14
12,12th,Paul Abbott,2,18-05,,0,0-0,,0,0-0,,0,0-0,,0,0-0,,0,0-0,,0,0-0,,0,0-0,,0,0-0,,0,0-0,,2,18-05,22nd,18-05
13,13th,John Taylor,3,25-07,,0,0-0,,0,0-0,,0,0-0,,0,0-0,,0,0-0,,0,0-0,,0,0-0,,0,0-0,,0,0-0,,3,25-07,7th,25-07
14,14th,Mark Murdoch,3,24-01,,0,0-0,,0,0-0,,0,0-0,,0,0-0,,0,0-0,,0,0-0,,0,0-0,,0,0-0,,0,0-0,,3,24-01,8th,24-01
15,15th,Kevin Fuller,3,23-01,,0,0-0,,0,0-0,,0,0-0,,0,0-0,,0,0-0,,0,0-0,,0,0-0,,0,0-0,,0,0-0,,3,23-01,9th,23-01
16,16th,Kevin Paynter,3,18-11,,0,0-0,,0,0-0,,0,0-0,,0,0-0,,0,0-0,,0,0-0,,0,0-0,,0,0-0,,0,0-0,,3,18-11,21st,18-11
17,17th,Ade Hindry,3,16-15,,0,0-0,,0,0-0,,0,0-0,,0,0-0,,0,0-0,,0,0-0,,0,0-0,,0,0-0,,0,0-0,,3,16-15,29th,16-15
18,18th,Ray Malle,3,16-14,,0,0-0,,0,0-0,,0,0-0,,0,0-0,,0,0-0,,0,0-0,,0,0-0,,0,0-0,,0,0-0,,3,16-14,30th,16-14
19,19th,Mick Hanks,4,22-03,,0,0-0,,0,0-0,,0,0-0,,0,0-0,,0,0-0,,0,0-0,,0,0-0,,0,0-0,,0,0-0,,4,22-03,10th,22-03
20,20th,Richard Watson,4,19-14,,0,0-0,,0,0-0,,0,0-0,,0,0-0,,0,0-0,,0,0-0,,0,0-0,,0,0-0,,0,0-0,,4,19-14,14th,19-14
21,21st,Dave Wray,4,19-13,,0,0-0,,0,0-0,,0,0-0,,0,0-0,,0,0-0,,0,0-0,,0,0-0,,0,0-0,,0,0-0,,4,19-13,15th,19-13
22,22nd,Nick Atkins,4,17-06,,0,0-0,,0,0-0,,0,0-0,,0,0-0,,0,0-0,,0,0-0,,0,0-0,,0,0-0,,0,0-0,,4,17-06,25th,17-06
23,23rd,Robin Austrin,4,16-04,,0,0-0,,0,0-0,,0,0-0,,0,0-0,,0,0-0,,0,0-0,,0,0-0,,0,0-0,,0,0-0,,4,16-04,32nd,16-04
24,24th,Les King,4,15-09,,0,0-0,,0,0-0,,0,0-0,,0,0-0,,0,0-0,,0,0-0,,0,0-0,,0,0-0,,0,0-0,,4,15-09,36th,15-09
25,25th,Andy Wilding,5,19-13,,0,0-0,,0,0-0,,0,0-0,,0,0-0,,0,0-0,,0,0-0,,0,0-0,,0,0-0,,0,0-0,,5,19-13,15th,19-13
26,26th,Glenn Hubbard,5,19-07,,0,0-0,,0,0-0,,0,0-0,,0,0-0,,0,0-0,,0,0-0,,0,0-0,,0,0-0,,0,0-0,,5,19-07,17th,19-07
27,27th,Paul Simpson,5,18-02,,0,0-0,,0,0-0,,0,0-0,,0,0-0,,0,0-0,,0,0-0,,0,0-0,,0,0-0,,0,0-0,,5,18-02,23rd,18-02
28,28th,Matty Corne,5,15-10,,0,0-0,,0,0-0,,0,0-0,,0,0-0,,0,0-0,,0,0-0,,0,0-0,,0,0-0,,0,0-0,,5,15-10,34th,15-10
29,29th,Barrie Lockey,5,15-06,,0,0-0,,0,0-0,,0,0-0,,0,0-0,,0,0-0,,0,0-0,,0,0-0,,0,0-0,,0,0-0,,5,15-06,37th,15-06
30,30th,Brian Weavers,5,14-11,,0,0-0,,0,0-0,,0,0-0,,0,0-0,,0,0-0,,0,0-0,,0,0-0,,0,0-0,,0,0-0,,5,14-11,42nd,14-11
31,31st,Pete Jackson,6,19-04,,0,0-0,,0,0-0,,0,0-0,,0,0-0,,0,0-0,,0,0-0,,0,0-0,,0,0-0,,0,0-0,,6,19-04,18th,19-04
32,32nd,Dave Gooch,6,17-04,,0,0-0,,0,0-0,,0,0-0,,0,0-0,,0,0-0,,0,0-0,,0,0-0,,0,0-0,,0,0-0,,6,17-04,26th,17-04
33,33rd,Steve O'Rourke,6,15-10,,0,0-0,,0,0-0,,0,0-0,,0,0-0,,0,0-0,,0,0-0,,0,0-0,,0,0-0,,0,0-0,,6,15-10,34th,15-10
34,34th,Rob Johnson,6,12-02,,0,0-0,,0,0-0,,0,0-0,,0,0-0,,0,0-0,,0,0-0,,0,0-0,,0,0-0,,0,0-0,,6,12-02,45th,12-02
35,35th,Andy Starkey,6,11-09,,0,0-0,,0,0-0,,0,0-0,,0,0-0,,0,0-0,,0,0-0,,0,0-0,,0,0-0,,0,0-0,,6,11-09,48th,11-09
36,36th,Ken Pacey,6,10-15,,0,0-0,,0,0-0,,0,0-0,,0,0-0,,0,0-0,,0,0-0,,0,0-0,,0,0-0,,0,0-0,,6,10-15,53rd,10-15
37,36th,Neil Smith,6,10-15,,0,0-0,,0,0-0,,0,0-0,,0,0-0,,0,0-0,,0,0-0,,0,0-0,,0,0-0,,0,0-0,,6,10-15,53rd,10-15
38,38th,Will Freeman,7,17-13,,0,0-0,,0,0-0,,0,0-0,,0,0-0,,0,0-0,,0,0-0,,0,0-0,,0,0-0,,0,0-0,,7,17-13,24th,17-13
39,39th,Barry Rogers,7,17-01,,0,0-0,,0,0-0,,0,0-0,,0,0-0,,0,0-0,,0,0-0,,0,0-0,,0,0-0,,0,0-0,,7,17-01,27th,17-01
40,40th,Jonathan Trevitt,7,15-01,,0,0-0,,0,0-0,,0,0-0,,0,0-0,,0,0-0,,0,0-0,,0,0-0,,0,0-0,,0,0-0,,7,15-01,39th,15-01
41,41st,Karl Redgrave,7,12-01,,0,0-0,,0,0-0,,0,0-0,,0,0-0,,0,0-0,,0,0-0,,0,0-0,,0,0-0,,0,0-0,,7,12-01,46th,12-01
42,42nd,Sean James,7,11-07,,0,0-0,,0,0-0,,0,0-0,,0,0-0,,0,0-0,,0,0-0,,0,0-0,,0,0-0,,0,0-0,,7,11-07,49th,11-07
43,43rd,Glenn Lawrence,8,17-00,,0,0-0,,0,0-0,,0,0-0,,0,0-0,,0,0-0,,0,0-0,,0,0-0,,0,0-0,,0,0-0,,8,17-00,28th,17-00
44,44th,Wayne Mitchell,8,16-14,,0,0-0,,0,0-0,,0,0-0,,0,0-0,,0,0-0,,0,0-0,,0,0-0,,0,0-0,,0,0-0,,8,16-14,30th,16-14
45,45th,Dan Abbott,8,15-00,,0,0-0,,0,0-0,,0,0-0,,0,0-0,,0,0-0,,0,0-0,,0,0-0,,0,0-0,,0,0-0,,8,15-00,40th,15-00
46,46th,Glenn Mason,8,11-14,,0,0-0,,0,0-0,,0,0-0,,0,0-0,,0,0-0,,0,0-0,,0,0-0,,0,0-0,,0,0-0,,8,11-14,47th,11-14
47,47th,Ian Bailey,8,11-01,,0,0-0,,0,0-0,,0,0-0,,0,0-0,,0,0-0,,0,0-0,,0,0-0,,0,0-0,,0,0-0,,8,11-01,52nd,11-01
48,48th,Steve Day,8,10-01,,0,0-0,,0,0-0,,0,0-0,,0,0-0,,0,0-0,,0,0-0,,0,0-0,,0,0-0,,0,0-0,,8,10-01,56th,10-01
49,49th,Steve Clark,9,15-11,,0,0-0,,0,0-0,,0,0-0,,0,0-0,,0,0-0,,0,0-0,,0,0-0,,0,0-0,,0,0-0,,9,15-11,33rd,15-11
50,50th,Lee Lawrence,9,15-03,,0,0-0,,0,0-0,,0,0-0,,0,0-0,,0,0-0,,0,0-0,,0,0-0,,0,0-0,,0,0-0,,9,15-03,38th,15-03
51,51st,Doug Botley,9,12-06,,0,0-0,,0,0-0,,0,0-0,,0,0-0,,0,0-0,,0,0-0,,0,0-0,,0,0-0,,0,0-0,,9,12-06,44th,12-06
52,52nd,Ian Holmes,9,10-09,,0,0-0,,0,0-0,,0,0-0,,0,0-0,,0,0-0,,0,0-0,,0,0-0,,0,0-0,,0,0-0,,9,10-09,55th,10-09
53,53rd,Terry Moroz,9,9-15,,0,0-0,,0,0-0,,0,0-0,,0,0-0,,0,0-0,,0,0-0,,0,0-0,,0,0-0,,0,0-0,,9,9-15,57th,9-15
54,54th,John Brice,9,9-04,,0,0-0,,0,0-0,,0,0-0,,0,0-0,,0,0-0,,0,0-0,,0,0-0,,0,0-0,,0,0-0,,9,9-04,61st,9-04
55,55th,Ray King,10,14-12,,0,0-0,,0,0-0,,0,0-0,,0,0-0,,0,0-0,,0,0-0,,0,0-0,,0,0-0,,0,0-0,,10,14-12,41st,14-12
56,56th,Matthew Schader,10,13-14,,0,0-0,,0,0-0,,0,0-0,,0,0-0,,0,0-0,,0,0-0,,0,0-0,,0,0-0,,0,0-0,,10,13-14,43rd,13-14
57,57th,Rob Shannon,10,11-05,,0,0-0,,0,0-0,,0,0-0,,0,0-0,,0,0-0,,0,0-0,,0,0-0,,0,0-0,,0,0-0,,10,11-05,50th,11-05
58,58th,Chris Sykes,10,11-03,,0,0-0,,0,0-0,,0,0-0,,0,0-0,,0,0-0,,0,0-0,,0,0-0,,0,0-0,,0,0-0,,10,11-03,51st,11-03
59,59th,Gary Abbott,10,9-10,,0,0-0,,0,0-0,,0,0-0,,0,0-0,,0,0-0,,0,0-0,,0,0-0,,0,0-0,,0,0-0,,10,9-10,58th,9-10
60,60th,Richard Bambury,10,9-09,,0,0-0,,0,0-0,,0,0-0,,0,0-0,,0,0-0,,0,0-0,,0,0-0,,0,0-0,,0,0-0,,10,9-09,59th,9-09
61,61st,Karl Dowse,10,9-06,,0,0-0,,0,0-0,,0,0-0,,0,0-0,,0,0-0,,0,0-0,,0,0-0,,0,0-0,,0,0-0,,10,9-06,60th,9-06
62,62nd,Danny Cruse,10,8-05,,0,0-0,,0,0-0,,0,0-0,,0,0-0,,0,0-0,,0,0-0,,0,0-0,,0,0-0,,0,0-0,,10,8-05,62nd,8-05
63,63rd,Nigel Knights,10,7-15,,0,0-0,,0,0-0,,0,0-0,,0,0-0,,0,0-0,,0,0-0,,0,0-0,,0,0-0,,0,0-0,,10,7-15,63rd,7-15
64,64th,Andy King,10,7-04,,0,0-0,,0,0-0,,0,0-0,,0,0-0,,0,0-0,,0,0-0,,0,0-0,,0,0-0,,0,0-0,,10,7-04,64th,7-04
65,65th,Roly Leftley,10,7-00,,0,0-0,,0,0-0,,0,0-0,,0,0-0,,0,0-0,,0,0-0,,0,0-0,,0,0-0,,0,0-0,,10,7-00,65th,7-00
66,66th,Mark Franklin,10,6-12,,0,0-0,,0,0-0,,0,0-0,,0,0-0,,0,0-0,,0,0-0,,0,0-0,,0,0-0,,0,0-0,,10,6-12,66th,6-12
67,67th,Andy Ison,10,6-10,,0,0-0,,0,0-0,,0,0-0,,0,0-0,,0,0-0,,0,0-0,,0,0-0,,0,0-0,,0,0-0,,10,6-10,67th,6-10
68,68th,Richard Jacobs,10,6-09,,0,0-0,,0,0-0,,0,0-0,,0,0-0,,0,0-0,,0,0-0,,0,0-0,,0,0-0,,0,0-0,,10,6-09,68th,6-09
69,69th,Andy Clarke,10,6-02,,0,0-0,,0,0-0,,0,0-0,,0,0-0,,0,0-0,,0,0-0,,0,0-0,,0,0-0,,0,0-0,,10,6-02,69th,6-02
70,70th,Peter Benge,10,4-15,,0,0-0,,0,0-0,,0,0-0,,0,0-0,,0,0-0,,0,0-0,,0,0-0,,0,0-0,,0,0-0,,10,4-15,70th,4-15
71,71st,Andy Harvey,10,1-07,,0,0-0,,0,0-0,,0,0-0,,0,0-0,,0,0-0,,0,0-0,,0,0-0,,0,0-0,,0,0-0,,10,1-07,71st,1-07
